{"minValue": null, "final_grad": null, "solution": 0.010737420991063118, "state": [10, 0.43426480889320374, 0.008989639580249786, {"u": [-0.4435018002986908, -0.06750081479549408, -0.8937311768531799, 0.15174338221549988, -0.890012800693512, -0.4299483001232147, 0.4638224244117737, -0.016109518706798553, -0.8857846260070801, -0.6952058672904968, -0.7074142694473267, -0.12749449908733368, -0.21307523548603058, 0.2700357139110565, 0.9389783143997192, 0.04606029391288757, -0.3509279191493988, -0.9352689385414124]}, {"u": [0.13380125164985657, -0.09974827617406845, -0.058863312005996704, -0.03848112002015114, 0.06056997925043106, -0.13896389305591583, -0.11438876390457153, -0.1088298112154007, -0.057917967438697815, 0.031202610582113266, -0.018873445689678192, -0.06542134284973145, 0.04917401075363159, 0.02276208996772766, 0.004612565040588379, 0.019144974648952484, 0.007033802568912506, -0.001696258783340454]}], "residual": NaN, "relDistance": 230.11288452148438, "final_grad_norm": NaN, "maxiter": 10}