{"minValue": null, "final_grad": null, "solution": 0.0, "state": [80002, 0.4355214536190033, 0.009383179247379303, {"u": [-0.4416969418525696, -0.06884458661079407, -0.8945189714431763, 0.15122495591640472, -0.8891909718513489, -0.43182212114334106, 0.4622802734375, -0.01757531799376011, -0.8865596652030945, -0.6947837471961975, -0.7076681852340698, -0.12837952375411987, -0.21241292357444763, 0.27034449577331543, 0.9390392303466797, 0.04631377384066582, -0.35083717107772827, -0.9352904558181763]}, {"u": [0.1344721019268036, -0.10011902451515198, -0.05869437754154205, -0.03862611949443817, 0.06123004108667374, -0.1396094262599945, -0.11489906907081604, -0.1092105507850647, -0.057746902108192444, 0.03145128861069679, -0.018916435539722443, -0.06593950092792511, 0.049345675855875015, 0.023005753755569458, 0.004538834095001221, 0.018885668367147446, 0.006761632859706879, -0.0016012191772460938]}], "residual": NaN, "relDistance": Infinity, "final_grad_norm": NaN, "maxiter": 80002}