{"minValue": NaN, "final_grad": [NaN, NaN, NaN, NaN, NaN, NaN, NaN, NaN, NaN, NaN, NaN, NaN, NaN, NaN, NaN, NaN, NaN, NaN], "solution": [-6.479075896223544e+19, 3.6377348802038727e+19, 2.2150562461472994e+20, -1.8434865829692362e+20, -1.4678760826177008e+20, 1.045638724608464e+20, 7.196815536407813e+20, -1.9366848828985993e+20, -8.953573873631101e+19, 1.2929161629064495e+20, -8.419147011052903e+19, 7.746848427226012e+19, -4.589831597548131e+20, -2.0634670178304734e+20, -3.460639840852876e+20, 1.225636624190371e+21, 2.348294273552823e+19, -1.4876991161822232e+21], "state": [51, NaN, {"u": [0.0, 0.0, 0.0, 0.0, 0.0, 0.0, 0.0, 0.0, 0.0, 0.0, 0.0, 0.0, 0.0, 0.0, 0.0, 0.0, 0.0, 0.0]}, 0.0, {"u": [NaN, NaN, NaN, NaN, NaN, NaN, NaN, NaN, NaN, NaN, NaN, NaN, NaN, NaN, NaN, NaN, NaN, NaN]}, null], "residual": NaN, "relDistance": NaN, "final_grad_norm": NaN, "maxiter": 93334}