{"minValue": 0.3181564509868622, "final_grad": [0.0011621215380728245, -0.0012532949913293123, 0.0018994715064764023, -0.0019398648291826248, 0.00208832323551178, 0.003406812436878681, -4.062522202730179e-05, 1.4516524970531464e-05, -0.0002499590627849102, -0.00017843488603830338, -0.0016476362943649292, 0.0035460437647998333, 0.0006277700886130333, 0.0021803416311740875, -0.0004622885026037693, 0.00014737993478775024, -0.00017903093248605728, -0.00041213957592844963], "solution": [8.061012268066406, -5.233388900756836, -8.38490104675293, -0.47066545486450195, 10.892970085144043, -6.9452314376831055, 4.658999443054199, 13.348304748535156, 0.01824629306793213, -6.330822944641113, -8.470901489257812, -4.25447940826416, -11.614191055297852, 2.0101521015167236, -6.291079521179199, -10.094832420349121, 5.962482452392578, -6.199982643127441], "state": [10, 0.3352760672569275, {"u": [-5.036543846130371, 3.2562572956085205, -2.0723328590393066, 2.6538219451904297, -4.453342914581299, -2.4386675357818604, 1.904066801071167, -1.1363929510116577, -1.1843160390853882, 2.4179749488830566, 3.865504264831543, -3.510890245437622, 6.565517902374268, -3.1919312477111816, -3.1209914684295654, 3.926666498184204, -6.058547019958496, 8.866121292114258]}, 17.501115798950195, {"u": [-0.001848443876951933, 0.0011950673069804907, -0.0007605594582855701, 0.0009739696979522705, -0.0016344054602086544, -0.0008950065821409225, 0.0006988047389313579, -0.00041706347838044167, -0.0004346515634097159, 0.0008874123450368643, 0.0014186648186296225, -0.0012885192409157753, 0.002409587148576975, -0.001171459211036563, -0.0011454238556325436, 0.0014411117881536484, -0.0022235256619751453, 0.003253923263400793]}, null], "residual": -2.564545154571533, "relDistance": 0.9923507571220398, "final_grad_norm": 0.006872441153973341, "maxiter": 10}