{"minValue": 0.24120227992534637, "final_grad": [7.450580596923828e-09, 2.6263296604156494e-07, 2.477318048477173e-07, -1.9744038581848145e-07, -2.0116567611694336e-07, -2.942979335784912e-07, -7.82310962677002e-08, 1.043081283569336e-07, -3.725290298461914e-08, 4.6193599700927734e-07, -4.246830940246582e-07, 2.8312206268310547e-07, 6.332993507385254e-08, 1.862645149230957e-07, -1.4901161193847656e-07, 2.5890767574310303e-07, 4.842877388000488e-08, -5.21540641784668e-08], "solution": [-1.235396385192871, 0.21055109798908234, -0.2607090473175049, 0.28771400451660156, -1.120998501777649, 0.49646759033203125, 0.9162343740463257, 0.5389003157615662, -0.8784978985786438, -0.596044659614563, -0.8851431608200073, -0.3714204430580139, -0.6390711069107056, 0.8574929237365723, 0.7949291467666626, -0.3408220410346985, 0.010956467129290104, -1.2758022546768188], "state": [134, 8.0, 9.711385473565315e-07, null, {"u": [-1.235411286354065, 0.21055972576141357, -0.26070669293403625, 0.2877134680747986, -1.1210176944732666, 0.4964674413204193, 0.9162473082542419, 0.5389115214347839, -0.8785131573677063, -0.5960422158241272, -0.8851653337478638, -0.37141895294189453, -0.639080286026001, 0.8575114011764526, 0.7949390411376953, -0.34082144498825073, 0.010957575403153896, -1.275823712348938]}, 69.05524444580078], "residual": -18.021827697753906, "relDistance": 0.602695643901825, "final_grad_norm": 9.600829571354552e-07, "maxiter": 53338}