{"minValue": 0.24773147702217102, "final_grad": [0.0027909502387046814, 0.0027145594358444214, -0.005795003846287727, -0.005045246332883835, -0.0026475712656974792, -0.006233721971511841, -0.007102303206920624, -0.00035593658685684204, -0.005566880106925964, -0.0044808462262153625, 0.0021203458309173584, 0.005523271858692169, -0.0036300979554653168, -0.008354850113391876, 0.00409519299864769, 0.006542708724737167, -0.007465311326086521, -0.00044086575508117676], "solution": [-1.0659048557281494, 0.2900646924972534, -0.37748032808303833, 0.20464469492435455, -1.0745158195495605, 0.29073482751846313, 0.6537498831748962, 0.5182452201843262, -0.8671957850456238, -0.6675461530685425, -0.7481977939605713, -0.2543273866176605, -0.6773875951766968, 0.6305574178695679, 0.6859904527664185, -0.2631032466888428, -0.1640525907278061, -1.1266460418701172], "state": [10, 16.0, 0.02133512869477272, null, {"u": [-1.0843669176101685, 0.2742266356945038, -0.35354626178741455, 0.22061431407928467, -1.0660487413406372, 0.33488336205482483, 0.7109389901161194, 0.5018510818481445, -0.8531441688537598, -0.6382567286491394, -0.7750852108001709, -0.26626816391944885, -0.6448006629943848, 0.6453807950019836, 0.7302088737487793, -0.2627813220024109, -0.13497017323970795, -1.1417498588562012]}, 6.463115692138672], "residual": -5.031468868255615, "relDistance": 0.5369678735733032, "final_grad_norm": 0.02133512869477272, "maxiter": 10}