{"minValue": 0.25377050042152405, "final_grad": [0.006874777376651764, 0.012383587658405304, -0.0026575811207294464, 0.011848030611872673, 0.001748204231262207, -0.004939477890729904, -0.0009710751473903656, -0.0050184763967990875, -0.003417655825614929, 0.010544538497924805, -0.0047967880964279175, -0.011685747653245926, -0.002330109477043152, 0.007426079362630844, -0.009827319532632828, -0.018137603998184204, -0.0009427797049283981, 0.0065167248249053955], "solution": [-1.0060421228408813, 0.444280207157135, -0.5322481989860535, 0.24851086735725403, -1.1474308967590332, 0.1899760365486145, 0.6064128279685974, 0.5343518257141113, -0.9569495320320129, -0.7085042595863342, -0.8453770279884338, -0.29229703545570374, -0.7597025632858276, 0.568610429763794, 0.6098101139068604, -0.3417188227176666, -0.23764283955097198, -0.9854665994644165], "state": [10, 0.25377050042152405, 1.6231272220611572, 0.0348360650241375, {"u": [[-0.20170819759368896, 0.15017853677272797, 0.08804154396057129, 0.057939186692237854, -0.09184509515762329, 0.20941413938999176, 0.17234861850738525, 0.16381582617759705, 0.08662039041519165, -0.04717695713043213, 0.028374671936035156, 0.09890927374362946, -0.07401850819587708, -0.03450864553451538, -0.006808280944824219, -0.028328493237495422, -0.01014244556427002, 0.0024018287658691406], [-0.4286333918571472, 0.42067140340805054, 0.30009281635284424, 0.18246972560882568, -0.1307469606399536, 0.5087308883666992, 0.3721383810043335, 0.3923247754573822, 0.29029130935668945, -0.07269936800003052, 0.05621218681335449, 0.11824674159288406, -0.18523868918418884, -0.03861330449581146, -0.04024803638458252, -0.19864116609096527, -0.13178876042366028, 0.04623061418533325], [0.08625483512878418, -0.12762650847434998, -0.09101694822311401, -0.1103137731552124, -0.007294774055480957, -0.1474938690662384, -0.09943711757659912, -0.06935596466064453, -0.08652442693710327, 0.05865216255187988, -0.08355486392974854, -0.13315261900424957, 0.034383028745651245, 0.05174270272254944, -0.0037428736686706543, -0.05284373462200165, -0.0043354034423828125, 0.027273058891296387], [0.05113935470581055, -0.04947289824485779, -0.04247528314590454, -0.0352923721075058, 0.003920197486877441, -0.07763537764549255, -0.06719100475311279, -0.05266761779785156, -0.07813173532485962, 0.03693646192550659, -0.04594451189041138, -0.09259999543428421, -0.01417630910873413, 0.03851540386676788, -0.021416783332824707, -0.03996717929840088, 0.010778576135635376, 0.01151973009109497], [-0.0939098596572876, 0.14500418305397034, 0.09239870309829712, 0.09789465367794037, -0.011758565902709961, 0.14853517711162567, 0.07073277235031128, 0.08456462621688843, 0.044058144092559814, -0.03120279312133789, 0.031968533992767334, 0.04930423945188522, -0.08299064636230469, 0.00229722261428833, -0.03449809551239014, -0.028731971979141235, 0.00764802098274231, -0.01215052604675293], [0.09063279628753662, -0.061276018619537354, -0.05827289819717407, -0.06336849927902222, -0.0026024580001831055, -0.14063993096351624, -0.21142607927322388, -0.08820033073425293, -0.25599634647369385, 0.09884583950042725, -0.12871599197387695, -0.2616855502128601, -0.12622028589248657, 0.18997567892074585, -0.13200080394744873, -0.12436425685882568, 0.09819093346595764, -0.010606467723846436], [-0.15362954139709473, 0.16773435473442078, 0.13700056076049805, 0.09304150938987732, -0.01770186424255371, 0.2474004179239273, 0.157329261302948, 0.18239879608154297, 0.18071061372756958, -0.10561394691467285, 0.09996408224105835, 0.24495846033096313, -0.021676599979400635, -0.08577090501785278, 0.017792940139770508, 0.09095227718353271, -0.005324870347976685, -0.04741370677947998], [0.13312584161758423, -0.13863623142242432, -0.10353541374206543, -0.11351191997528076, 0.006296515464782715, -0.19417047500610352, -0.26309823989868164, -0.12357372045516968, -0.2858712077140808, 0.10009580850601196, -0.1317271590232849, -0.27048954367637634, -0.07132166624069214, 0.18943017721176147, -0.1084444522857666, -0.07614848017692566, 0.11980205774307251, -0.026553332805633545], [-0.07635897397994995, 0.02152150869369507, 0.04802209138870239, 0.01720452308654785, 0.00013756752014160156, 0.1163725033402443, 0.15777277946472168, 0.08547353744506836, 0.20728296041488647, -0.09628891944885254, 0.10947990417480469, 0.24547594785690308, 0.11156946420669556, -0.15754657983779907, 0.11551845073699951, 0.14853084087371826, -0.05980768799781799, -0.016222238540649414], [0.028741955757141113, -0.01497352123260498, -0.007984399795532227, -0.028777122497558594, -0.006644487380981445, -0.04871530830860138, -0.14503681659698486, -0.022852778434753418, -0.17282956838607788, 0.044731199741363525, -0.07376569509506226, -0.16288447380065918, -0.11759942770004272, 0.14274418354034424, -0.11538118124008179, -0.07849043607711792, 0.08817391097545624, -0.02465510368347168]]}, {"u": [[-0.08034805208444595, 0.036483027040958405, 0.009096592664718628, 0.009438268840312958, -0.051393575966358185, 0.06877110153436661, 0.06729814410209656, 0.05509166792035103, 0.010089218616485596, -0.025125309824943542, 0.012241527438163757, 0.060531072318553925, -0.02306053414940834, -0.02172606810927391, 0.0032136142253875732, 0.02053668536245823, 0.02129756659269333, -0.008496224880218506], [-0.05249732732772827, 0.07625650614500046, 0.058665189892053604, 0.05263565853238106, 0.0017502829432487488, 0.08375736325979233, 0.05421651154756546, 0.04957740381360054, 0.0559270866215229, -0.020376205444335938, 0.030045755207538605, 0.040504999458789825, -0.02468794584274292, -0.015429917722940445, -0.003779187798500061, -0.008608769625425339, -0.017682243138551712, -0.0019478946924209595], [-0.002966366708278656, -0.01911970227956772, -0.010929670184850693, -0.030158033594489098, -0.013210751116275787, -0.012412968091666698, -0.0005876049399375916, 0.009636793285608292, 0.004914920777082443, 0.010029017925262451, -0.01989360898733139, -0.02196112647652626, 0.01180565357208252, 0.007968485355377197, 0.004357695579528809, -0.021646372973918915, -0.013845976442098618, 0.011561155319213867], [0.0016686320304870605, -0.014544021338224411, -0.009303241968154907, -0.01260840892791748, -0.003515012562274933, -0.01648576930165291, -0.0001970231533050537, -0.009446296840906143, -0.008607059717178345, 0.00928427278995514, -0.007303997874259949, -0.019738763570785522, 0.0021295174956321716, -0.0023182593286037445, 0.0025776848196983337, -0.00990215688943863, -0.009708300232887268, 0.008279576897621155], [0.0030253082513809204, 0.028723429888486862, 0.01145576685667038, 0.030751369893550873, 0.009758159518241882, 0.02205107919871807, 0.005591064691543579, 0.002402856945991516, 0.01038159430027008, -0.010858505964279175, 0.008395880460739136, 0.016932237893342972, -0.00891558825969696, -0.00837104581296444, -0.0007861033082008362, -0.0003212094306945801, 0.002032581716775894, -0.0012212321162223816], [-0.0005595311522483826, -0.016846634447574615, -0.01080114021897316, -0.004030108451843262, -0.004205584526062012, -0.029370049014687538, 0.0014340877532958984, -0.027570506557822227, -0.018565408885478973, 0.022001005709171295, -0.0029552876949310303, -0.04484285041689873, 0.002868957817554474, 0.014574294909834862, 0.00039955973625183105, -0.021352261304855347, -0.009249400347471237, 0.013317689299583435], [0.00503869354724884, 0.030845820903778076, 0.018926259130239487, 0.012897370383143425, 0.007047310471534729, 0.026380140334367752, 0.004484422504901886, 0.0308245737105608, 0.025766339153051376, -0.020664021372795105, -8.270889520645142e-05, 0.054403260350227356, -0.019384756684303284, -0.012744788080453873, -0.011675775051116943, 0.01226656511425972, 0.004284236580133438, -0.009413957595825195], [-0.0011220499873161316, -0.015962284058332443, -0.015282303094863892, -0.00396822951734066, -0.005423292517662048, -0.018801864236593246, -0.018498167395591736, -0.01873895898461342, -0.031147975474596024, 0.021329578012228012, -0.0019826218485832214, -0.04874312877655029, 0.013162128627300262, 