{"minValue": 0.2412022203207016, "final_grad": null, "solution": [-1.2776597738265991, 0.2643371522426605, -0.3057626485824585, 0.2418580949306488, -1.1508233547210693, 0.4960141181945801, 0.9150176644325256, 0.4978787899017334, -0.8084218502044678, -0.6321471333503723, -0.8888705372810364, -0.41231510043144226, -0.5219693779945374, 0.7136566638946533, 0.648629903793335, -0.2602403163909912, 0.03205918148159981, -1.0989174842834473], "state": [93334, Infinity, Infinity, 0.2412022203207016, 0.02908925525844097, [-0.0, 0.0, 0.0, -0.0, 0.0, 0.0, -0.0, 0.0, -0.0, -0.0, -0.0, 0.0, -0.0, 0.0, 0.0, 0.0, 0.0, -0.0], 4.871745659329463e-06, [-3.855675458908081e-07, 3.3387914299964905e-07, 1.905485987663269e-06, -6.328336894512177e-07, 7.878988981246948e-07, 2.1317973732948303e-06, 8.381903171539307e-08, -2.2444874048233032e-07, -5.960464477539063e-08, -4.926696419715881e-07, -1.5273690223693848e-07, 1.0691583156585693e-06, -1.1688098311424255e-06, -1.9297003746032715e-06, 1.1958181858062744e-06, 2.122018486261368e-06, 1.2512318789958954e-06, -4.675239324569702e-07], null], "residual": -16.923213958740234, "relDistance": 0.6084131598472595, "final_grad_norm": NaN, "maxiter": 93334}