{"minValue": 0.264573872089386, "final_grad": null, "solution": [-1.069301724433899, 0.4291134178638458, -0.6203552484512329, 0.3150026798248291, -1.206216812133789, 0.1406191885471344, 0.9132883548736572, 0.49014589190483093, -0.7529796957969666, -0.7576238512992859, -0.8138793110847473, -0.14593878388404846, -0.5798068642616272, 0.3923109173774719, 0.7975010871887207, -0.320051372051239, -0.44175511598587036, -0.9262288212776184], "state": [10, 0.026730934157967567, 2.0, 0.264573872089386, 0.03499966859817505, [-0.04340376704931259, -0.06863567978143692, 0.016279906034469604, -0.0706016942858696, -0.03180527314543724, -0.05245708301663399, -0.03940143063664436, 0.0310293510556221, -0.03231948986649513, 0.017972586676478386, -0.011442947201430798, -0.04915711283683777, -0.05835896357893944, 0.11611320823431015, -0.07189042121171951, -0.023986000567674637, 0.039873529225587845, -0.0132564976811409], 0.009819029830396175, [0.0006118621677160263, -0.0007146168500185013, -0.0015489859506487846, 0.0005338997580111027, -8.91517847776413e-05, -0.0019607378635555506, 0.0034597311168909073, -0.0017262250185012817, 0.003072645515203476, 0.00015835650265216827, -0.0002186410129070282, 0.0003971732221543789, 0.0027405861765146255, -0.003566499799489975, 0.003746950998902321, -0.0013665659353137016, -0.00459692720323801, 0.00266466848552227], null], "residual": -3.7562334537506104, "relDistance": 0.48346710205078125, "final_grad_norm": NaN, "maxiter": 10}