{"minValue": 0.2714900076389313, "final_grad": [0.001944996416568756, -0.002522088587284088, -0.004106994718313217, 0.0031703896820545197, 0.0008376166224479675, -0.002730141393840313, 0.008309826254844666, -0.009724054485559464, 0.004118531942367554, 0.0005308091640472412, -0.000807546079158783, 0.0018387744203209877, 0.012122660875320435, -0.008985061198472977, 0.009048856794834137, 0.0053448304533958435, -0.004162423312664032, 0.0008155032992362976], "solution": [-0.7867429256439209, 0.3560630977153778, -0.5912477970123291, 0.31268376111984253, -0.9836219549179077, 0.06135444715619087, 0.744949221611023, 0.37404289841651917, -0.619918704032898, -0.7310612201690674, -0.6842232346534729, -0.08942024409770966, -0.4534710645675659, 0.25532516837120056, 0.8610315918922424, -0.2599491775035858, -0.49866387248039246, -0.8415083289146423], "state": [60004, 0.0, 0.024212324991822243, 0.2714900076389313, {"u": [0.001944996416568756, -0.002522088587284088, -0.004106994718313217, 0.003170393407344818, 0.0008376166224479675, -0.002730147447437048, 0.00830984115600586, -0.009724054485559464, 0.004118531942367554, 0.000530831515789032, -0.0008075237274169922, 0.00183878093957901, 0.012122675776481628, -0.008985061198472977, 0.009048864245414734, 0.0053448304533958435, -0.004162438213825226, 0.0008155032992362976]}, {"u": [-0.001944996416568756, 0.002522088587284088, 0.004106994718313217, -0.003170393407344818, -0.0008376166224479675, 0.002730147447437048, -0.00830984115600586, 0.009724054485559464, -0.004118531942367554, -0.000530831515789032, 0.0008075237274169922, -0.00183878093957901, -0.012122675776481628, 0.008985061198472977, -0.009048864245414734, -0.0053448304533958435, 0.004162438213825226, -0.0008155032992362976]}, null], "residual": -3.497012138366699, "relDistance": 0.4305996000766754, "final_grad_norm": 0.0242123045027256, "maxiter": 60004}