{"minValue": 0.24120232462882996, "final_grad": [-9.492039680480957e-06, 2.8461217880249023e-06, 4.98257577419281e-05, 2.9198825359344482e-05, 1.183338463306427e-05, 9.039416909217834e-06, -7.8640878200531e-06, -9.448663331568241e-05, -1.3075768947601318e-06, -4.298985004425049e-06, 3.8566067814826965e-06, -2.963011502288282e-05, -2.41696834564209e-05, -3.460049629211426e-05, 7.652491331100464e-05, 9.647011756896973e-05, -1.7039477825164795e-05, -3.74913215637207e-05], "solution": [-0.7922714352607727, 0.28202733397483826, -0.16711027920246124, 0.3846018612384796, -3.408052682876587, 3.217376470565796, 1.1237062215805054, -0.0749964714050293, -1.3738019466400146, -4.16291618347168, -3.887852191925049, 0.09636576473712921, -0.20054447650909424, 0.7908470034599304, 0.2948454022407532, -0.11037511378526688, -0.07363268733024597, -0.2500455677509308], "state": [0.24120232462882996, true, 0, 2494], "residual": -16.63553237915039, "relDistance": 0.8674737215042114, "final_grad_norm": 0.00017943675629794598}